stateDt,newDecideCnt,decideCnt,deathCnt,clearCnt,careCnt,accDefRate,accExamCnt,accExamCompCnt
2021-08-11,1987,218192,2138,190535,25519,1.865343905,12207242,11697146
2021-08-10,2222,216205,2135,189506,24564,1.852952983,12156199,11668132
2021-08-09,1534,213983,2134,187523,24326,1.83736894,12112086,11646164
2021-08-08,1493,212449,2125,186242,24082,1.832985701,12057833,11590325
2021-08-07,1728,210956,2121,185003,23832,1.82469516,12027443,11561164
2021-08-06,1823,209228,2116,183789,23323,1.811342421,11995928,11550991
2021-08-05,1704,207405,2113,182052,23240,1.79967185,11951651,11524601
2021-08-04,1775,205701,2109,180719,22873,1.789802041,11908436,11492947
2021-08-03,1725,203926,2106,179123,22697,1.778472603,11864245,11466356
2021-08-02,1200,202201,2104,177909,22188,1.770320677,11820016,11421716
2021-08-01,1218,201001,2099,176605,22297,1.765422381,11772604,11385434
2021-07-31,1442,199783,2098,175674,22011,1.756614815,11751782,11373182
2021-07-30,1539,198341,2095,174177,22069,1.746018527,11728817,11359616
2021-07-29,1710,196802,2089,172757,21956,1.737651082,11682964,11325749
2021-07-28,1673,195092,2085,171559,21448,1.727215688,11637499,11295173
2021-07-27,1895,193419,2083,170494,20842,1.717500974,11585607,11261653
2021-07-26,1363,191524,2079,168629,20816,1.707111067,11528602,11219188
2021-07-25,1318,190161,2077,167365,20719,1.699180205,11472341,11191338
2021-07-24,1487,188843,2073,166375,20395,1.689328905,11453342,11178581
2021-07-23,1629,187356,2068,165246,20042,1.679445943,11430519,11155822
2021-07-22,1630,185727,2066,164206,19455,1.671666837,11388299,11110288
2021-07-21,1841,184097,2063,163073,18961,1.662363054,11343912,11074416
2021-07-20,1781,182256,2060,161634,18562,1.649900996,11298668,11046481
2021-07-19,1278,180475,2059,160347,18069,1.639592235,11251981,11007310
2021-07-18,1251,179197,2058,159630,17509,1.634749742,11202428,10961739
2021-07-17,1454,177946,2057,158953,16936,1.626483085,11175976,10940538
2021-07-16,1449,176492,2055,157960,16477,1.615992994,11149218,10921582
2021-07-15,1535,175043,2051,157113,15879,1.607316323,11108581,10890389
2021-07-14,1599,173508,2050,156509,14949,1.598272067,11060453,10855974
2021-07-13,1613,171909,2048,155491,14370,1.587787588,11008857,10826952
2021-07-12,1150,170296,2046,154752,13498,1.578983139,10964299,10785169
2021-07-11,1100,169146,2044,154187,12915,1.574150085,10919898,10745227
2021-07-10,1324,168046,2043,153760,12243,1.56668484,10902278,10726216
2021-07-09,1378,166722,2038,153153,11531,1.556415511,10881640,10711921
2021-07-08,1316,165344,2036,152498,10810,1.547621532,10844217,10683749
2021-07-07,1275,164028,2034,151923,10071,1.539934192,10802782,10651624
2021-07-06,1212,162753,2033,151500,9220,1.531972597,10766502,10623754
2021-07-05,746,161541,2032,150760,8749,1.524832365,10735716,10594017
2021-07-04,711,160795,2028,150044,8723,1.521924583,10700134,10565241
2021-07-03,742,160084,2026,149614,8444,1.517552471,10685125,10548828
2021-07-02,794,159342,2025,149132,8185,1.51225601,10670617,10536708
2021-07-01,826,158548,2024,148319,8205,1.508409908,10641602,10510936
2021-06-30,761,157722,2021,148024,7677,1.503633528,10614316,10489391
2021-06-29,794,156961,2018,147693,7250,1.499871667,10579072,10464962
2021-06-28,595,156167,2017,147077,7073,1.496012552,10555741,10438883
2021-06-27,501,155572,2015,146675,6882,1.495009747,10520929,10406086
2021-06-26,614,155071,2013,146340,6718,1.492171802,10508678,10392302
2021-06-25,668,154457,2012,145989,6456,1.487889877,10495516,10380943
2021-06-24,634,153789,2009,145389,6391,1.48669463,10466545,10344357
2021-06-23,610,153155,2008,144788,6359,1.484374932,10438782,10317811
2021-06-22,645,152545,2007,144379,6159,1.483877972,10409949,10280158
2021-06-21,394,151900,2006,143817,6077,1.481529887,10380042,10252915
2021-06-20,357,151506,2004,143268,6234,1.482792362,10346047,10217614
2021-06-19,429,151149,2002,142899,6248,1.48118902,10335634,10204572
2021-06-18,482,150720,1997,142385,6338,1.478453976,10323154,10194433
2021-06-17,507,150238,1996,141816,6426,1.477526381,10294048,10168211
2021-06-16,540,149731,1994,141029,6708,1.477144467,10257836,10136517
2021-06-15,545,149191,1993,140438,6760,1.475587056,10229384,10110620
2021-06-14,373,148646,1992,139733,6921,1.475716049,10196469,10072805
2021-06-13,399,148273,1988,139022,7263,1.476517846,10165497,10042073
2021-06-12,452,147874,1985,138581,7308,1.474553742,10152907,10028390
2021-06-11,565,147422,1982,138037,7403,1.471521964,10140535,10018335
2021-06-10,554,146857,1981,137224,7652,1.471909911,10111062,9977309
2021-06-09,611,146303,1979,136713,7611,1.470894135,10076862,9946535
2021-06-08,602,145692,1977,136174,7541,1.469653222,10044783,9913359
2021-06-07,453,145090,1975,135412,7703,1.470110969,10008583,9869323
2021-06-06,485,144637,1974,134861,7802,1.470520206,9972297,9835771
2021-06-05,556,144152,1973,134262,7917,1.467459997,9959697,9823232
2021-06-04,744,143596,1971,133763,7862,1.463952231,9945954,9808790
2021-06-03,695,142852,1969,133289,7594,1.461030859,9911324,9777480
2021-06-02,681,142157,1968,132699,7490,1.459142631,9872324,9742502
2021-06-01,677,141476,1965,132068,7443,1.457699002,9834350,9705433
2021-05-31,459,140799,1963,131463,7373,1.455920354,9798402,9670790
2021-05-30,430,140340,1959,130823,7558,1.456836017,9761158,9633205
2021-05-29,479,139910,1957,130381,7572,1.45419645,9747614,9621121
2021-05-28,533,139431,1951,129739,7741,1.450924946,9733591,9609801
2021-05-27,587,138898,1946,128759,8193,1.449937701,9702456,9579584
2021-05-26,637,138311,1943,128180,8188,1.449339906,9665693,9543034
2021-05-25,699,137674,1940,127574,8160,1.447922627,9629450,9508381
2021-05-24,516,136975,1938,126993,8044,1.445550475,9592727,9475629
2021-05-23,530,136459,1934,126427,8098,1.44662691,9553613,9432909
2021-05-22,585,135929,1931,125881,8117,1.443892882,9536299,9414064
2021-05-21,666,135344,1926,125032,8386,1.439307962,9520966,9403408
2021-05-20,561,134678,1922,124158,8598,1.436877385,9487108,9372964
2021-05-19,646,134117,1916,123659,8542,1.43617514,9447358,9338485
2021-05-18,653,133471,1912,123237,8322,1.431454878,9428644,9324150
2021-05-17,528,132818,1904,122631,8283,1.429443031,9395004,9291591
2021-05-16,619,132290,1903,122163,8224,1.4299309,9353300,9251496
2021-05-15,610,131671,1900,121764,8007,1.425789915,9336614,9234951
2021-05-14,681,131061,1896,121282,7883,1.42150471,9319094,9219878
2021-05-13,747,130380,1893,120395,8092,1.419320945,9281291,9186083
2021-05-12,715,129633,1891,119906,7836,1.416191336,9241153,9153636
2021-05-11,636,128918,1884,119373,7661,1.413999381,9201539,9117260
2021-05-10,510,128282,1879,118717,7686,1.412850883,9164284,9079656
2021-05-09,463,127772,1875,117844,8053,1.413616464,9122059,9038661
2021-05-08,564,127309,1874,117423,8012,1.410705601,9105771,9024491
2021-05-07,701,126745,1865,116881,7999,1.406573167,9089166,9010907
2021-05-06,525,126044,1860,116022,8162,1.404787852,9051354,8972458
2021-05-05,574,125519,1851,115491,8177,1.404968493,9010992,8933937
2021-05-04,676,124945,1847,114944,8154,1.401502668,8994069,8915074
2021-05-03,541,124269,1840,114128,8301,1.399573986,8957155,8879059
2021-05-02,488,123728,1834,113356,8538,1.401809863,8915326,8826304
2021-05-01,606,123240,1833,112865,8542,1.398606636,8898234,8811627
2021-04-30,627,122634,1831,112337,8466,1.39385709,8883388,8798176
2021-04-29,661,122007,1828,111422,8757,1.391855443,8848292,8765781
2021-04-28,680,121346,1825,110787,8734,1.390724211,8805774,8725382
2021-04-27,768,120666,1821,110248,8597,1.388669431,8766491,8689325
2021-04-26,512,119898,1820,109695,8383,1.386889523,8721609,8645101
2021-04-25,499,119386,1817,108850,8719,1.389034001,8672978,8594894
2021-04-24,644,118887,1813,108475,8599,1.386076695,8654791,8577231
2021-04-23,785,118243,1812,107781,8650,1.382206691,8632923,8554654
2021-04-22,797,117458,1811,107071,8576,1.37965284,8583530,8513591
2021-04-21,735,116661,1808,106459,8394,1.377284051,8537505,8470366
2021-04-20,731,115926,1806,105877,8243,1.375097668,8497594,8430383
2021-04-19,532,115195,1802,105227,8166,1.372676031,8458592,8392002
2021-04-18,671,114646,1801,104474,8371,1.373983738,8414821,8344058
2021-04-17,658,114114,1797,104006,8311,1.370923999,8396066,8323875
2021-04-16,673,113443,1794,103594,8055,1.365674304,8377778,8306739
2021-04-15,698,112785,1790,103062,7933,1.365031284,8333331,8262448
2021-04-14,731,112112,1788,102513,7811,1.363743629,8291121,8220900
2021-04-13,542,111414,1782,101983,7649,1.363570274,8245383,8170756
2021-04-12,587,110683,1775,101332,7576,1.363942757,8200514,8114930
2021-04-11,614,110141,1770,100804,7567,1.366932546,8152778,8057530
2021-04-10,677,109554,1768,100109,7677,1.363015759,8129527,8037618
2021-04-09,671,108940,1765,99301,7874,1.358928355,8106625,8016611
2021-04-08,700,108263,1764,98786,7713,1.357156244,8059107,7977195
2021-04-07,668,107592,1758,98360,7474,1.35601577,8012415,7934421
2021-04-06,477,106892,1756,97928,7208,1.354517426,7966161,7891519
2021-04-05,474,106224,1752,97363,7109,1.354530128,7921284,7842129
2021-04-04,542,105747,1748,96900,7099,1.357764282,7868815,7788318
2021-04-03,543,105273,1744,96589,6940,1.354922235,7849470,7769671
2021-04-02,557,104731,1740,96196,6795,1.350616973,7829596,7754308
2021-04-01,551,104188,1737,95861,6590,1.350016028,7788290,7717538
2021-03-31,506,103631,1735,95439,6457,1.349601674,7747295,7678636
2021-03-30,447,103080,1731,95030,6319,1.349834806,7707792,7636490
2021-03-29,382,102574,1729,94563,6282,1.352225878,7663991,7585567
2021-03-28,482,102127,1726,94124,6277,1.354940491,7616317,7537379
2021-03-27,505,101745,1722,93855,6168,1.353535775,7595584,7516979
2021-03-26,489,101263,1721,93475,6067,1.350644798,7572556,7497382
2021-03-25,430,100758,1716,92630,6412,1.352096664,7529391,7451982
2021-03-24,428,100269,1709,92068,6492,1.355193611,7485852,7398869
2021-03-23,346,99839,1707,91560,6572,1.358931149,7441203,7346877
2021-03-22,415,99411,1704,91079,6628,1.361643807,7400980,7300808
2021-03-21,456,99065,1697,90611,6757,1.365882135,7355954,7252822
2021-03-20,447,98650,1696,90328,6626,1.363625494,7332699,7234391
2021-03-19,463,98194,1693,89949,6552,1.360797249,7308935,7215917
2021-03-18,445,97747,1690,89523,6534,1.362025697,7264931,7176590
2021-03-17,469,97284,1688,89178,6418,1.364746846,7218077,7128355
2021-03-16,363,96839,1686,88814,6339,1.366231389,7171500,7088038
2021-03-15,379,96370,1678,88255,6437,1.36733379,7126067,7048023
2021-03-14,459,96007,1675,87754,6578,1.368919801,7084930,7013340
2021-03-13,490,95628,1669,87408,6551,1.366787722,7066394,6996551
2021-03-12,488,95169,1667,86625,6877,1.363667431,7046775,6978901
2021-03-11,465,94679,1662,85743,7274,1.363480766,7012657,6943919
2021-03-10,470,94191,1652,84675,7864,1.363362007,6976978,6908730
2021-03-09,446,93726,1648,84312,7766,1.36455775,6938877,6868599
2021-03-08,346,93256,1645,83900,7711,1.364893195,6902977,6832476
2021-03-07,416,92810,1642,83474,7694,1.365976256,6861802,6794408
2021-03-06,418,92464,1634,83220,7610,1.364435288,6843119,6776723
2021-03-05,398,92048,1632,82913,7503,1.362308738,6821936,6756765
2021-03-04,424,91630,1627,82560,7443,1.36246771,6789004,6725297
2021-03-03,444,91232,1619,82162,7451,1.363339392,6751893,6691804
2021-03-02,344,90808,1612,81700,7496,1.36546628,6716196,6650329
2021-03-01,355,90364,1606,81338,7420,1.367382826,6681969,6608537
2021-02-28,355,90020,1605,81070,7345,1.365594246,6665747,6592002
2021-02-27,415,89665,1603,80697,7365,1.363496671,6648996,6576107
2021-02-26,387,89310,1595,80333,7382,1.361802856,6627207,6558218
2021-02-25,395,88895,1585,79880,7430,1.363190259,6590042,6521100
2021-02-24,440,88508,1581,79487,7440,1.365330286,6551206,6482534
2021-02-23,356,88113,1576,79050,7487,1.369066125,6510981,6435993
2021-02-22,332,87673,1573,78394,7706,1.370189069,6472671,6398606
2021-02-21,415,87317,1562,77887,7868,1.373626719,6429137,6356676
2021-02-20,449,86985,1557,77516,7912,1.37244108,6411333,6337977
2021-02-19,561,86570,1553,77083,7934,1.370974179,6390625,6314488
2021-02-18,621,86121,1550,76513,8058,1.372474868,6345985,6274869
2021-02-17,621,85560,1544,75896,8120,1.372806714,6303207,6232487
2021-02-16,457,84939,1538,75360,8041,1.372607322,6260560,6188150
2021-02-15,343,84318,1534,74551,8233,1.374021321,6213483,6136586
2021-02-14,326,83861,1527,73794,8540,1.37867916,6162852,6082706
2021-02-13,362,83518,1522,73559,8437,1.377757623,6140079,6061879
2021-02-12,403,83192,1514,73227,8451,1.37619376,6115330,6045079
2021-02-11,504,82830,1507,72936,8387,1.377629709,6093362,6012501
2021-02-10,444,82427,1496,72638,8293,1.376447447,6070001,5988387
2021-02-09,303,81923,1486,72226,8211,1.376871027,6030016,5949940
2021-02-08,288,81479,1482,71676,8321,1.379884866,5987398,5904768
2021-02-07,371,81176,1474,71218,8484,1.386830949,5938188,5853345
2021-02-06,390,80888,1471,70865,8552,1.388345369,5916967,5826216
2021-02-05,370,80517,1464,70505,8548,1.389261533,5893346,5795669
2021-02-04,451,80127,1459,70117,8551,1.396009594,5847174,5739717
2021-02-03,467,79757,1448,69704,8605,1.40354193,5803090,5682552
2021-02-02,336,79306,1441,69299,8566,1.411676332,5756709,5617860
2021-02-01,305,78839,1435,68775,8629,1.418696622,5711408,5557143
2021-01-31,354,78503,1425,68309,8769,1.424121446,5661837,5512381
2021-01-30,456,78198,1420,67878,8900,1.424043977,5640813,5491263
2021-01-29,469,77844,1414,67121,9309,1.422918225,5616524,5470729
2021-01-28,497,77388,1399,66503,9486,1.426111544,5569257,5426504
2021-01-27,559,76919,1386,66016,9517,1.428988634,5522182,5382758
2021-01-26,349,76422,1378,65478,9566,1.433589961,5469240,5330813
2021-01-25,437,75863,1371,64793,9699,1.435674359,5422761,5284137
2021-01-24,392,75514,1360,62956,11198,1.440686212,5376079,5241530
2021-01-23,431,75077,1349,62530,11198,1.438648888,5354342,5218577
2021-01-22,346,74685,1337,62044,11304,1.438166357,5329700,5193071
2021-01-21,400,74254,1328,61415,11511,1.442081737,5282216,5149084
2021-01-20,404,73908,1316,60846,11746,1.450163719,5237598,5096528
2021-01-19,386,73508,1300,60180,12028,1.457341804,5192119,5043978
2021-01-18,389,73104,1283,59468,12353,1.466194141,5140315,4985970
2021-01-17,520,72718,1264,58723,12731,1.475257315,5087209,4929174
2021-01-16,549,72329,1249,58253,12827,1.475531703,5061279,4901894
2021-01-15,580,71809,1236,57554,13019,1.4725158,5032259,4876620
2021-01-14,512,71229,1217,56536,13476,1.479087326,4978063,4815740
2021-01-13,524,70717,1195,55772,13750,1.487023946,4925348,4755606
2021-01-12,561,70193,1185,54636,14372,1.496848095,4872301,4689387
2021-01-11,537,69632,1165,53569,14898,1.504809395,4814067,4627297
2021-01-10,451,69095,1140,52552,15403,1.514609144,4751666,4561903
2021-01-09,657,68644,1125,50409,17110,1.51465471,4723444,4531990
2021-01-08,641,67987,1100,49324,17563,1.50958738,4689604,4503681
2021-01-07,674,67346,1081,48369,17896,1.516958964,4629992,4439540
2021-01-06,869,66672,1046,47649,17977,1.522875336,4569796,4378034
2021-01-05,838,65803,1027,46995,17781,1.525770786,4504853,4312771
2021-01-04,714,64965,1007,46172,17786,1.530173855,4439347,4245596
2021-01-03,1020,64251,981,45240,18030,1.534952291,4376595,4185863
2021-01-02,657,63231,962,44507,17762,1.52204206,4340825,4154353
2021-01-01,820,62574,942,43578,18054,1.51753665,4302780,4123393
2020-12-31,1027,61754,917,42953,17884,1.509001128,4269303,4092376
2020-12-30,967,60727,900,42270,17557,1.501831692,4213867,4043529
2020-12-29,1050,59760,879,41435,17446,1.49859394,4159509,3987738
2020-12-28,1044,58710,859,40703,17148,1.494956717,4098166,3927204
2020-12-27,806,57666,819,39268,17579,1.490687661,4038294,3868416
2020-12-26,970,56860,808,39040,17012,1.480951309,4006400,3839424
2020-12-25,1131,55890,793,38532,16565,1.466009127,3969403,3812391
2020-12-24,1240,54759,773,38048,15938,1.447671509,3939346,3782557
2020-12-23,985,53519,756,37425,15338,1.434186313,3882196,3731663
2020-12-22,1090,52534,739,36726,15069,1.430100938,3826556,3673447
2020-12-21,866,51444,722,35928,14794,1.420599914,3772416,3621287
2020-12-20,924,50578,698,35155,14725,1.417778888,3713849,3567411
2020-12-19,1097,49654,674,34722,14258,1.401227224,3683083,3543608
2020-12-18,1045,48557,659,34334,13564,1.379459443,3646235,3520002
2020-12-17,1064,47512,645,33982,12885,1.365611493,3589792,3479174
2020-12-16,1014,46448,634,33610,12204,1.35039861,3538835,3439577
2020-12-15,1078,45434,612,32947,11875,1.338665524,3488761,3393977
2020-12-14,880,44356,600,32559,11197,1.324953947,3441212,3347739
2020-12-13,718,43476,587,32102,10787,1.314354263,3397031,3307784
2020-12-12,1030,42758,580,31814,10364,1.301828186,3374585,3284458
2020-12-11,950,41728,578,31493,9657,1.278778492,3349856,3263114
2020-12-10,689,40778,572,31157,9049,1.261103622,3311205,3233517
2020-12-09,680,40089,564,30637,8888,1.250758929,3277938,3205174
2020-12-08,726,39409,556,30177,8676,1.240004745,3253213,3178133
2020-12-07,531,38878,552,29650,8676,1.234153658,3221449,3150175
2020-12-06,615,38152,549,29301,8302,1.214506979,3209367,3141357
2020-12-05,631,37537,545,29128,7864,1.200361224,3194858,3127142
2020-12-04,577,36906,540,28917,7449,1.185080052,3180487,3114220
2020-12-03,628,36329,536,28611,7182,1.174407365,3157407,3093390
2020-12-02,540,35701,529,28352,6820,1.164379719,3131884,3066096
2020-12-01,511,35161,526,28065,6570,1.155922091,3106968,3041814
2020-11-30,451,34650,526,27885,6239,1.147691881,3083995,3019103
2020-11-29,438,34199,526,27625,6048,1.140801353,3061170,2997805
2020-11-28,450,33761,523,27542,5696,1.131370852,3046908,2984079
2020-11-27,503,33311,522,27349,5440,1.120395702,3031940,2973146
2020-11-26,555,32808,516,27103,5189,1.111057679,3009499,2952862
2020-11-25,581,32253,515,26950,4788,1.099801168,2987982,2932621
2020-11-24,382,31672,513,26825,4334,1.088196409,2966342,2910504
2020-11-23,349,31290,510,26722,4058,1.083236082,2946336,2888567
2020-11-22,271,30941,509,26539,3893,1.079732567,2922072,2865617
2020-11-21,330,30670,505,26466,3699,1.074331704,2908827,2854798
2020-11-20,386,30340,503,26365,3472,1.066305655,2896683,2845338
2020-11-19,348,29954,501,26263,3190,1.060229637,2873380,2825237
2020-11-18,325,29606,498,26098,3010,1.05424336,2853795,2808270
2020-11-17,285,29281,496,25973,2812,1.048880158,2834332,2791644
2020-11-16,230,28996,494,25860,2642,1.045069995,2815753,2774551
2020-11-15,222,28766,494,25759,2513,1.042482824,2797688,2759374
2020-11-14,208,28544,493,25691,2360,1.037775705,2786876,2750498
2020-11-13,205,28336,492,25636,2208,1.033182078,2777287,2742595
2020-11-12,191,28131,488,25537,2106,1.029952879,2761409,2731290
2020-11-11,143,27940,487,25404,2049,1.027022378,2749770,2720486
2020-11-10,145,27797,487,25266,2044,1.026536241,2736532,2707844
2020-11-09,100,27652,485,25160,2007,1.025628091,2723959,2696104
2020-11-08,126,27552,480,25029,2043,1.02675863,2709198,2683396
2020-11-07,143,27426,478,24968,1980,1.024416645,2702879,2677231
2020-11-06,89,27283,477,24910,1896,1.021440784,2697248,2671031
2020-11-05,145,27194,476,24821,1897,1.02206801,2686313,2660684
2020-11-04,125,27049,475,24735,1839,1.021239933,2673705,2648643
2020-11-03,117,26924,474,24616,1825,1.020619749,2662260,2638005
2020-11-02,75,26807,472,24510,1869,1.021591101,2649859,2624044
2020-11-01,97,26732,468,24395,1812,1.023772886,2636650,2611126
2020-10-31,124,26635,466,24357,1736,1.02214605,2630630,2605792
2020-10-30,127,26511,464,24311,1694,1.020119177,2624492,2598814
2020-10-29,113,26384,463,24227,1641,1.020318981,2612231,2585858
2020-10-28,125,26271,462,24168,1612,1.021490534,2597978,2571830
2020-10-27,103,26146,461,24073,1602,1.021305784,2582960,2560056
2020-10-26,88,26043,460,23981,1593,1.023467883,2567587,2544584
2020-10-25,119,25955,457,23905,1510,1.025281049,2552264,2531501
2020-10-24,61,25836,457,23869,1484,1.023425171,2546146,2524464
2020-10-23,77,25775,457,23834,1526,1.023308405,2540679,2518791
2020-10-22,155,25698,455,23717,1443,1.024563121,2528621,2508191
2020-10-21,121,25543,453,23647,1388,1.02355749,2515325,2495512
2020-10-20,89,25422,450,23584,1420,1.0234316,2503489,2483996
2020-10-19,58,25333,447,23466,1463,1.024825926,2491311,2471932
2020-10-18,76,25275,444,23368,1443,1.026411361,2479226,2462463
2020-10-17,91,25199,444,23312,1407,1.025705526,2474529,2456748
2020-10-16,73,25108,443,23258,1414,1.02431086,2468527,2451209
2020-10-15,47,25035,441,23180,1467,1.025154469,2459426,2442071
2020-10-14,110,24988,439,23082,1410,1.027265623,2450739,2432477
2020-10-13,73,24878,438,23030,1508,1.02672379,2441443,2423047
2020-10-12,102,24805,434,22863,1542,1.02983127,2428771,2408647
2020-10-11,98,24703,433,22728,1481,1.030830181,2415610,2396418
2020-10-10,58,24605,432,22692,1494,1.028989871,2410483,2391180
2020-10-09,72,24547,430,22623,1479,1.028921466,2404684,2385702
2020-10-08,54,24475,428,22568,1532,1.028562735,2400233,2379534
2020-10-07,69,24421,427,22462,1594,1.031350592,2388844,2367866
2020-10-06,114,24352,425,22333,1734,1.033644816,2378073,2355935
2020-10-05,75,24238,422,22082,1856,1.034619942,2365433,2342696
2020-10-04,73,24163,422,21885,1825,1.037069338,2352378,2329931
2020-10-03,64,24090,421,21844,1820,1.03647274,2346345,2324229
2020-10-02,75,24026,420,21786,1803,1.036241273,2339859,2318572
2020-10-01,63,23951,416,21732,1808,1.035145057,2333777,2313782
2020-09-30,77,23888,415,21665,1808,1.034826629,2328435,2308406
2020-09-29,113,23811,413,21590,1822,1.034180376,2322999,2302403
2020-09-28,38,23698,407,21469,1963,1.033498649,2313044,2292988
2020-09-27,50,23660,406,21291,1962,1.036484609,2301303,2282716
2020-09-26,95,23610,401,21247,1951,1.036599742,2296517,2277639
2020-09-25,61,23515,399,21165,2082,1.035065456,2290345,2271837
2020-09-24,114,23454,395,20977,2116,1.037465813,2280276,2260701
2020-09-23,125,23340,393,20831,2178,1.038156014,2268999,2248217
2020-09-22,110,23215,388,20649,2277,1.038065223,2256899,2236372
2020-09-21,61,23105,388,20440,2412,1.039880462,2245112,2221890
2020-09-20,70,23044,385,20247,2434,1.043161934,2231589,2209053
2020-09-19,82,22974,383,20157,2545,1.043121974,2226701,2202427
2020-09-18,110,22892,378,19969,2635,1.043173778,2219162,2194457
2020-09-17,126,22782,377,19770,2742,1.044584913,2206365,2180962
2020-09-16,153,22656,372,19542,2827,1.045797975,2191892,2166384
2020-09-15,113,22503,367,19309,3146,1.045197609,2178832,2152990
2020-09-14,106,22390,367,18877,3433,1.047599084,2164578,2137268
2020-09-13,109,22284,363,18488,3592,1.049386728,2151002,2123526
2020-09-12,121,22175,358,18225,3671,1.048183346,2143270,2115565
2020-09-11,136,22054,355,18028,3953,1.046388101,2135457,2107631
2020-09-10,176,21918,350,17615,4037,1.048814521,2119211,2089788
2020-09-09,155,21742,346,17359,4221,1.052079941,2099591,2066573
2020-09-08,156,21587,344,17022,4455,1.0552373,2082234,2045701
2020-09-07,136,21431,341,16635,4663,1.059520208,2066078,2022708
2020-09-06,119,21295,336,16296,4697,1.062525072,2051297,2004188
2020-09-05,167,21176,334,16145,4668,1.060754971,2045935,1996314
2020-09-04,168,21009,333,16008,4727,1.058404972,2037045,1984968
2020-09-03,198,20841,331,15783,4785,1.059726234,2018906,1966640
2020-09-02,195,20643,329,15529,4766,1.061321482,2000552,1945028
2020-09-01,267,20448,326,15356,4659,1.063036151,1980295,1923547
2020-08-31,235,20181,324,15198,4649,1.060853045,1959080,1902337
2020-08-30,248,19946,324,14973,4472,1.061062989,1937689,1879813
2020-08-29,299,19698,323,14903,4313,1.055542725,1924170,1866149
2020-08-28,323,19399,321,14765,4209,1.045608675,1909329,1855283
2020-08-27,371,19076,316,14551,3931,1.038428835,1887717,1837006
2020-08-26,441,18705,313,14461,3584,1.029139418,1869579,1817538
2020-08-25,320,18264,312,14368,3348,1.016524082,1849506,1796711
2020-08-24,280,17944,310,14286,3136,1.010659119,1825837,1775475
2020-08-23,266,17664,309,14219,2889,1.005678004,1804422,1756427
2020-08-22,396,17398,309,14200,2524,0.997808011,1791186,1743622
2020-08-21,332,17002,309,14169,2241,0.980862169,1775800,1733373
2020-08-20,324,16670,309,14120,1976,0.971401067,1754123,1716078
2020-08-19,288,16346,307,14063,1746,0.96204722,1734083,1699085
2020-08-18,297,16058,306,14006,1521,0.953539164,1715064,1684042
2020-08-17,246,15761,306,13934,1293,0.942743341,1697042,1671823
2020-08-16,197,15515,305,13917,1103,0.931548731,1688470,1665506
2020-08-15,279,15318,305,13910,833,0.922892283,1681787,1659782
2020-08-14,166,15039,305,13901,705,0.909427349,1675296,1653678
2020-08-13,103,14873,305,13863,648,0.904160121,1665084,1644952
2020-08-12,56,14770,305,13817,623,0.902205119,1654898,1637100
2020-08-11,54,14714,305,13786,626,0.903099964,1646652,1629277
2020-08-10,34,14660,305,13729,663,0.904740011,1637844,1620355
2020-08-09,28,14626,305,13658,651,0.907372448,1628303,1611907
2020-08-08,36,14598,305,13642,629,0.907922209,1624650,1607847
2020-08-07,43,14562,304,13629,673,0.907623929,1620514,1604409
2020-08-06,20,14519,303,13543,696,0.909379024,1613652,1596584
2020-08-05,43,14499,302,13501,748,0.912773158,1606487,1588456
2020-08-04,33,14456,302,13406,770,0.915112202,1598187,1579697
2020-08-03,34,14423,301,13352,808,0.918044933,1589780,1571056
2020-08-02,23,14389,301,13280,806,0.920980878,1579757,1562356
2020-08-01,30,14366,301,13259,802,0.921796779,1576246,1558478
2020-07-31,31,14336,301,13233,821,0.922788552,1571830,1553552
2020-07-30,36,14305,301,13183,837,0.925610787,1563796,1545466
2020-07-29,18,14269,300,13132,882,0.928247973,1556215,1537197
2020-07-28,48,14251,300,13069,896,0.932668665,1547307,1527981
2020-07-27,28,14203,300,13007,971,0.93609533,1537704,1517260
2020-07-26,25,14175,299,12905,962,0.939859595,1526974,1508204
2020-07-25,58,14150,298,12890,928,0.94100466,1522926,1503712
2020-07-24,113,14092,298,12866,864,0.940122872,1518634,1498953
2020-07-23,41,13979,298,12817,883,0.938334022,1510327,1489768
2020-07-22,59,13938,297,12758,884,0.942115779,1500854,1479436
2020-07-21,63,13879,297,12698,877,0.943944175,1492071,1470320
2020-07-20,45,13816,296,12643,903,0.947257711,1482390,1458526
2020-07-19,26,13771,296,12572,894,0.950451069,1470193,1448891
2020-07-18,34,13745,295,12556,898,0.952301111,1465299,1443346
2020-07-17,39,13711,294,12519,919,0.953954028,1460204,1437281
2020-07-16,60,13672,293,12460,925,0.957485326,1451017,1427907
2020-07-15,61,13612,291,12396,914,0.959981494,1441348,1417944
2020-07-14,39,13551,289,12348,941,0.96241599,1431316,1408019
2020-07-13,33,13512,289,12282,986,0.967681639,1420616,1396327
2020-07-12,62,13479,289,12204,950,0.972183254,1408312,1386467
2020-07-11,44,13417,289,12178,941,0.972025206,1402144,1380314
2020-07-10,35,13373,288,12144,985,0.973296041,1396941,1373991
2020-07-09,45,13338,288,12065,987,0.97975338,1384890,1361363
2020-07-08,50,13293,287,12019,988,0.986230756,1371771,1347859
2020-07-07,62,13243,285,11970,982,0.991448819,1359734,1335722
2020-07-06,44,13181,285,11914,1005,0.996658649,1346194,1322519
2020-07-05,48,13137,284,11848,974,1.002438756,1331796,1310504
2020-07-04,61,13089,283,11832,934,1.003445246,1326055,1304406
2020-07-03,63,13028,283,11811,924,1.00431699,1319521,1297200
2020-07-02,61,12965,282,11759,938,1.008007302,1307761,1286201
2020-07-01,54,12904,282,11684,955,1.011142629,1295962,1276180
2020-06-30,51,12850,282,11613,980,1.015244468,1285231,1265705
2020-06-29,42,12799,282,11537,1046,1.021504347,1273765,1252956
2020-06-28,42,12757,282,11429,1069,1.027584568,1259954,1241455
2020-06-27,62,12715,282,11364,1054,1.03148399,1251695,1232690
2020-06-26,51,12653,282,11317,1148,1.033814467,1243780,1223914
2020-06-25,39,12602,282,11172,1307,1.03849485,1232315,1213487
2020-06-24,28,12563,282,10974,1324,1.045541779,1220478,1201578
2020-06-23,51,12535,281,10930,1295,1.05482214,1208597,1188352
2020-06-22,46,12484,281,10908,1277,1.063614073,1196012,1173734
2020-06-21,17,12438,280,10881,1273,1.069785484,1182066,1162663
2020-06-20,48,12421,280,10868,1237,1.074116736,1176463,1156392
2020-06-19,67,12373,280,10856,1191,1.07644565,1170901,1149431
2020-06-18,49,12306,280,10835,1177,1.082442806,1158063,1136873
2020-06-17,59,12257,280,10800,1145,1.090482367,1145712,1123998
2020-06-16,43,12198,279,10774,1117,1.097599821,1132823,1111334
2020-06-15,34,12155,278,10760,1114,1.107885538,1119767,1097135
2020-06-14,37,12121,277,10730,1089,1.117219055,1105719,1084926
2020-06-13,34,12084,277,10718,1082,1.119955958,1100327,1078971
2020-06-12,48,12050,277,10691,1056,1.124748098,1094703,1071351
2020-06-11,56,12002,277,10669,1016,1.135217859,1081486,1057242
2020-06-10,45,11946,276,10654,1014,1.147117371,1066887,1041393
2020-06-09,50,11901,276,10611,988,1.160226488,1051971,1025748
2020-06-08,38,11851,274,10589,977,1.175068441,1035996,1008537
2020-06-07,37,11813,273,10563,951,1.188623107,1018213,993839
2020-06-06,57,11776,273,10552,915,1.193971741,1012769,986288
2020-06-05,51,11719,273,10531,889,1.199057452,1005305,977351
2020-06-04,39,11668,273,10506,857,1.212645267,990960,962194
2020-06-03,39,11629,273,10499,850,1.229724457,973858,945659
2020-06-02,49,11590,273,10467,823,1.247595499,956852,928987
2020-06-01,38,11541,272,10446,810,1.266948357,939851,910929
2020-05-31,35,11503,271,10422,793,1.281909837,921391,897333
2020-05-30,27,11468,270,10405,774,1.292128248,910822,887528
2020-05-29,39,11441,269,10398,770,1.305151819,902901,876603
2020-05-28,58,11402,269,10363,735,1.324946576,885120,860563
2020-05-27,79,11344,269,10340,701,1.340429353,868666,846296
2020-05-26,40,11265,269,10295,681,1.354267475,852876,831815
2020-05-25,19,11225,269,10275,713,1.373204589,839475,817431
2020-05-24,16,11206,267,10226,711,1.388001209,826437,807348
2020-05-23,25,11190,266,10213,705,1.398826935,820289,799956
2020-05-22,23,11165,266,10194,716,1.408209109,814420,792851
2020-05-21,20,11142,264,10162,723,1.42456772,802418,782132
2020-05-20,12,11122,264,10135,781,1.443300307,788684,770595
2020-05-19,32,11110,263,10066,877,1.461684397,776433,760082
2020-05-18,13,11078,263,9938,898,1.479732158,765574,748649
2020-05-17,15,11065,263,9904,900,1.501116511,753211,737118
2020-05-16,13,11050,262,9888,924,1.513713145,747653,729993
2020-05-15,19,11037,262,9851,937,1.528031211,740645,722302
2020-05-14,27,11018,260,9821,969,1.558698039,726747,706872
2020-05-13,29,10991,260,9762,1008,1.591141377,711484,690762
2020-05-12,26,10962,259,9695,1008,1.62078005,695920,676341
2020-05-11,27,10936,258,9670,1021,1.645600096,680890,664560
2020-05-10,35,10909,256,9632,1008,1.658986876,668492,657570
2020-05-09,34,10874,256,9610,1016,1.663306606,663886,653758
2020-05-08,18,10840,256,9568,1082,1.665445238,660030,650877
2020-05-07,12,10822,256,9484,1135,1.675242571,654863,645996
2020-05-06,4,10810,256,9419,1218,1.686535332,649388,640959
2020-05-05,2,10806,255,9333,1267,1.701501844,643095,635086
2020-05-04,3,10804,254,9283,1332,1.711175063,640237,631379
2020-05-03,8,10801,252,9217,1360,1.726102486,633921,625745
2020-05-02,13,10793,250,9183,1407,1.734135623,630973,622385
2020-05-01,6,10780,250,9123,1454,1.741332911,627562,619066
2020-04-30,9,10774,248,9072,1459,1.753626397,623069,614384
2020-04-29,4,10765,247,9059,1593,1.761153838,619881,611247
2020-04-28,9,10761,246,8922,1654,1.776064962,614197,605890
2020-04-27,14,10752,244,8854,1731,1.794060179,608514,599311
2020-04-26,10,10738,243,8764,1769,1.811510464,601660,592765
2020-04-25,10,10728,242,8717,1843,1.820508208,598285,589286
2020-04-24,10,10718,240,8635,1967,1.829316166,595161,585902
2020-04-23,6,10708,240,8501,2051,1.846461581,589520,579920
2020-04-22,8,10702,240,8411,2179,1.865005786,583971,573832
2020-04-21,11,10694,238,8277,2233,1.88994023,577959,565838
2020-04-20,9,10683,237,8213,2324,1.913511364,571014,558293
2020-04-19,13,10674,236,8114,2385,1.937015247,563035,551054
2020-04-18,8,10661,234,8042,2484,1.949472083,559109,546866
2020-04-17,18,10653,232,7937,2576,1.968098078,554834,541284
2020-04-16,22,10635,230,7829,2627,1.998019828,546463,532277
2020-04-15,22,10613,229,7757,2750,2.023423901,538775,524507
2020-04-14,27,10591,225,7616,2808,2.038589022,534552,519526
2020-04-13,27,10564,222,7534,2873,2.060114628,527438,512787
2020-04-12,25,10537,217,7447,2930,2.08508129,518743,505352
2020-04-11,32,10512,214,7368,3026,2.098903227,514621,500833
2020-04-10,30,10480,211,7243,3125,2.111162368,510479,496409
2020-04-09,27,10450,208,7117,3246,2.142477853,503051,487753
2020-04-08,39,10423,204,6973,3408,2.175074395,494711,479202
2020-04-07,53,10384,200,6776,3445,2.218116182,486003,468145
2020-04-06,47,10331,192,6694,3500,2.262325524,477304,456654
2020-04-05,47,10284,186,6598,3591,2.298054341,466804,447509
2020-04-04,81,10237,183,6463,3654,2.317835811,461233,441662
2020-04-03,94,10156,177,6325,3867,2.33531392,455032,434888
2020-04-02,86,10062,174,6021,3979,2.371072072,443273,424365
2020-04-01,89,9976,169,5828,4155,2.410488622,431743,413858
2020-03-31,101,9887,165,5567,4216,2.441463644,421547,404962
2020-03-30,125,9786,162,5408,4275,2.485825764,410564,393672
2020-03-29,78,9661,158,5228,4398,2.531290694,395194,381663
2020-03-28,105,9583,152,5033,4523,2.527742388,394141,379113
2020-03-27,146,9478,144,4811,4665,2.552233541,387925,371361
2020-03-26,91,9332,139,4528,4966,2.579739151,376961,361742
2020-03-25,104,9241,131,4144,5281,2.635970254,364942,350573
2020-03-24,100,9137,126,3730,5410,2.659057442,357896,343618
2020-03-23,76,9037,120,3507,5684,2.712657065,348582,333142
2020-03-22,64,8961,111,3166,5884,2.762262336,338036,324408
2020-03-21,98,8897,104,2909,6085,2.804501324,331780,317240
2020-03-20,147,8799,102,2612,6325,2.82195603,327509,311805
2020-03-19,87,8652,94,2233,6527,2.873091828,316664,301139
2020-03-18,152,8565,91,1947,6789,2.942085738,307024,291120
2020-03-17,93,8413,84,1540,6838,3.012162506,295647,279301
2020-03-16,84,8320,81,1401,7024,3.088057901,286716,269425
2020-03-15,74,8236,75,1137,7253,3.173392208,274504,259533
2020-03-14,76,8162,75,834,7300,3.239660237,268212,251940
2020-03-13,107,8086,72,714,7402,3.318000336,261335,243701
2020-03-12,110,7979,67,510,7470,3.458499309,248647,230707
2020-03-11,114,7869,66,333,7407,3.621744273,234998,217271
2020-03-10,242,7755,60,288,7212,3.804174536,222395,203855
2020-03-09,131,7513,54,247,7165,3.919308057,210144,191692
2020-03-08,248,7382,51,166,6954,4.120339361,196618,179160
2020-03-07,367,7134,50,130,6605,4.21775786,188518,169142
2020-03-06,483,6767,44,118,6134,4.267542836,178189,158569
2020-03-05,518,6284,42,108,5643,4.397234584,164740,142908
2020-03-04,438,5766,35,88,5255,4.622748154,146541,124731
2020-03-03,516,5328,32,41,4750,4.919985595,136707,108293
2020-03-02,0,4812,28,34,4159,5.329139718,125851,90296
